cap_pages,kernel_name,steps,warmup_steps,window_pages,num_sparse,truncated_steps,mean_misses,mean_miss_rate,mean_transfer_ms,mean_kernel_ms,mean_total_ms,p50_total_ms,p95_total_ms,p99_total_ms,p95_transfer_ms,p95_kernel_ms
256,proxy.matmul,500,100,8,8,0,7.822,0.4898666666666667,0.35010242462158203,0.042379711724817755,0.3924821363463998,0.39560270495712757,0.4460070081055164,0.4544912604615092,0.40221214294433594,0.04493439942598342
128,proxy.matmul,500,100,8,8,0,8.39,0.5254916666666667,0.24964141845703125,0.04210566367208958,0.2917470821291208,0.30228908732533455,0.31395163256675,0.3206726461648941,0.2708554267883301,0.044065600261092186
64,proxy.matmul,500,100,8,8,0,8.708,0.5454,0.19493341445922852,0.0415006715208292,0.23643408598005772,0.24051634967327118,0.24907774552702902,0.25408130679279567,0.20623207092285156,0.04384799860417842
32,proxy.matmul,500,100,8,8,0,8.864,0.5551583333333333,0.1682295799255371,0.03766828854382038,0.20589786846935748,0.20418179593980312,0.21182097736746072,0.21650115814059973,0.17309188842773438,0.03913920000195503
16,proxy.matmul,500,100,8,8,0,8.938,0.5598166666666667,0.1506204605102539,0.03715987250208855,0.18778033301234245,0.18801821768283844,0.19429058954119682,0.20057003490626812,0.1556992530822754,0.03891199827194214
