cap_pages,kernel_name,steps,warmup_steps,window_pages,num_sparse,truncated_steps,mean_misses,mean_miss_rate,mean_transfer_ms,mean_kernel_ms,mean_total_ms,p50_total_ms,p95_total_ms,p99_total_ms,p95_transfer_ms,p95_kernel_ms
256,flashinfer.decode,500,100,24,16,0,14.788,0.3719566126855601,0.6286482810974121,2.000410924196243,2.629059205293655,2.912385940551758,3.0028610825538635,3.0262556314468383,0.7109999656677246,2.2958080768585205
128,flashinfer.decode,500,100,24,16,0,15.84,0.39841241565452096,0.4490184783935547,2.0096121312379838,2.4586306096315385,2.7368746995925903,2.778005003929138,2.7877960324287416,0.4870891571044922,2.2958080768585205
64,flashinfer.decode,500,100,24,16,0,16.39,0.41224993252361675,0.34665584564208984,2.0316107860803605,2.3782666317224503,2.6344058513641357,2.657930016517639,2.665464162826538,0.36644935607910156,2.2947840690612793
32,flashinfer.decode,500,100,24,16,600,14.286,0.4464375,0.25762271881103516,2.0392443133592604,2.2968670321702955,2.5413988828659058,2.5858824849128723,2.5949227690696715,0.2968311309814453,2.293760061264038
16,flashinfer.decode,500,100,24,16,600,14.216,0.8885,0.2445058822631836,2.0424474464654923,2.286953328728676,2.528383255004883,2.5624887347221375,2.568524420261383,0.2734661102294922,2.292736053466797
