cap_pages,kernel_name,steps,warmup_steps,window_pages,num_sparse,truncated_steps,mean_misses,mean_miss_rate,mean_transfer_ms,mean_kernel_ms,mean_total_ms,p50_total_ms,p95_total_ms,p99_total_ms,p95_transfer_ms,p95_kernel_ms
256,flashinfer.decode,500,100,8,8,0,7.822,0.4898666666666667,0.35934972763061523,0.09609292954206466,0.4554426571726799,0.4613027982413769,0.5108543526381254,0.5184214218705893,0.41391849517822266,0.09932799637317657
128,flashinfer.decode,500,100,8,8,0,8.39,0.5254916666666667,0.2618846893310547,0.09443916952610015,0.35632385885715484,0.3611144348978996,0.3772874135524034,0.3827313804626465,0.2818107604980469,0.09827360324561596
64,flashinfer.decode,500,100,8,8,0,8.708,0.5454,0.20329809188842773,0.09353369745612145,0.2968317893445492,0.30029942095279694,0.311489574611187,0.31809786923229694,0.21576881408691406,0.09728000313043594
32,flashinfer.decode,500,100,8,8,0,8.864,0.5551583333333333,0.17369985580444336,0.09368870535492897,0.2673885611593723,0.268000029027462,0.2783374711871147,0.28354491099715234,0.18073320388793945,0.09699520096182823
16,flashinfer.decode,500,100,8,8,0,8.938,0.5598166666666667,0.16001033782958984,0.09428224143385887,0.2542925792634487,0.25157710164785385,0.2616828590631485,0.26817449502646923,0.16307830810546875,0.09830400347709656
